{"mean":{"confidence_interval":{"confidence_level":0.95,"lower_bound":1833587.1203125,"upper_bound":5352091.3125},"point_estimate":3441454.0,"standard_error":913763.3360824161},"median":{"confidence_interval":{"confidence_level":0.95,"lower_bound":553665.625,"upper_bound":645106.25},"point_estimate":597131.25,"standard_error":24048.72679564384},"median_abs_dev":{"confidence_interval":{"confidence_level":0.95,"lower_bound":158721.59343212843,"upper_bound":277931.89756572247},"point_estimate":215551.50367319584,"standard_error":30355.489305348918},"slope":null,"std_dev":{"confidence_interval":{"confidence_level":0.95,"lower_bound":6234473.995967524,"upper_bound":11439440.53096114},"point_estimate":9169007.426173821,"standard_error":1357926.6085657163}}