{"mean":{"confidence_interval":{"confidence_level":0.95,"lower_bound":-0.5483260166370975,"upper_bound":1.2294577348083249},"point_estimate":-0.010065605669886568,"standard_error":0.46911051935486386},"median":{"confidence_interval":{"confidence_level":0.95,"lower_bound":-0.13932949976705267,"upper_bound":0.2018251413461989},"point_estimate":-0.0018903039102007302,"standard_error":0.08717327867252747}}