{"mean":{"confidence_interval":{"confidence_level":0.95,"lower_bound":-0.5939690675598952,"upper_bound":1.3777811383950973},"point_estimate":-0.06875302470154698,"standard_error":0.5386508423690868},"median":{"confidence_interval":{"confidence_level":0.95,"lower_bound":0.11797149550956654,"upper_bound":0.3561356460245034},"point_estimate":0.21147476063767523,"standard_error":0.0629985330434243}}