{"mean":{"confidence_interval":{"confidence_level":0.95,"lower_bound":1989284.411764706,"upper_bound":5327136.15588235},"point_estimate":3517641.588235295,"standard_error":896323.4352402781},"median":{"confidence_interval":{"confidence_level":0.95,"lower_bound":448952.9411764706,"upper_bound":596861.7647058824},"point_estimate":522217.64705882355,"standard_error":32686.852205021827},"median_abs_dev":{"confidence_interval":{"confidence_level":0.95,"lower_bound":151190.31260995305,"upper_bound":246992.4344385371},"point_estimate":184361.30672693255,"standard_error":23688.60098719949},"slope":null,"std_dev":{"confidence_interval":{"confidence_level":0.95,"lower_bound":6483842.439380382,"upper_bound":11005790.126010677},"point_estimate":8986988.127810122,"standard_error":1236054.180274001}}