{"mean":{"confidence_interval":{"confidence_level":0.95,"lower_bound":-0.507047570245747,"upper_bound":1.42490219320716},"point_estimate":0.010569436433524704,"standard_error":0.5278176618800848},"median":{"confidence_interval":{"confidence_level":0.95,"lower_bound":0.09943781148564823,"upper_bound":0.5730375868467612},"point_estimate":0.2631316518121871,"standard_error":0.11679949892063671}}